<?xml version="1.0" encoding="UTF-8"?>
<project-private xmlns="http://www.netbeans.org/ns/project-private/1">
    <editor-bookmarks xmlns="http://www.netbeans.org/ns/editor-bookmarks/2" lastBookmarkId="0"/>
    <open-files xmlns="http://www.netbeans.org/ns/projectui-open-files/2">
        <group>
            <file>file:/D:/UV/PAFI/Conta_AronMosqueda/src/Interfaces/ConeccionBaseDeDatos.java</file>
            <file>file:/D:/UV/PAFI/Conta_AronMosqueda/src/Interfaces/PantallaInicio.java</file>
            <file>file:/D:/UV/PAFI/Conta_AronMosqueda/src/Interfaces/RequisicionM.java</file>
            <file>file:/D:/UV/PAFI/Conta_AronMosqueda/src/Interfaces/TarjetasDTiempo.java</file>
            <file>file:/D:/UV/PAFI/Conta_AronMosqueda/src/Interfaces/TasaDeGIF.java</file>
            <file>file:/D:/UV/PAFI/Conta_AronMosqueda/src/Interfaces/HojaCostos.java</file>
        </group>
    </open-files>
</project-private>
